memento,0.939831
fido,0.463622
silent-hill-revelation-3d,0.463622
pompeii,0.463622
suspect-zero,0.463622
red-planet,0.463622
the-matrix,0.463622
the-identical,0.0991032
iron-man-3,0.0991032
lockout,0.0991032
the-proposition,0.0991032
the-adventures-of-priscilla-queen-of-the-desert,0.0991032
ravenous,0.0991032
results,0.0991032
the-rover,0.0991032
a-slipping-down-life,0.0991032
traitor,0.0991032
la-confidential,0.0991032
lawless,0.0991032
the-count-of-monte-cristo,0.0991032
two-brothers,0.0991032
the-time-machine,0.0991032
breathe-in,0.0991032
dont-be-afraid-of-the-dark,0.0991032
the-hard-word,0.0991032
