the-secret-life-of-walter-mitty,0.0991032
come-back-to-me,0.0991032
i-know-what-you-did-last-summer,0.0991032
the-other-dream-team,0.0991032
dangerous-minds,0.0991032
david-lynch-the-art-life,0.0991032
confessions-of-a-dangerous-mind,0.0991032
the-secret-life-of-pets,0.0991032
elite-squad-the-enemy-within,0.0991032
all-my-loved-ones,0.0991032
love-crime,0.0991032
el-crimen-perfecto-the-perfect-crime,0.0991032
picture-perfect,0.0991032
raiders!-the-story-of-the-greatest-fan-film-ever-made,0.0991032
we-steal-secrets-the-story-of-wikileaks,0.0991032
the-secret-world-of-arrietty,0.0991032
ghost-team-one,0.0991032
one-last-kiss,0.0991032
last-life-in-the-universe,0.0991032
i-still-know-what-you-did-last-summer,0.0991032
the-back-up-plan,0.0985009
one-false-move,0.0985009
a-state-of-mind,0.0985009
what-dreams-may-come,0.0985009
team-america-world-police,0.0985009
the-one-i-love,0.0985009
patti-smith-dream-of-life,0.0985009
best-of-enemies,0.0985009
my-summer-of-love,0.0985009
hannah-montana-miley-cyrus-best-of-both-worlds-concert,0.0973585
love-dont-cost-a-thing,0.0973585
genius-within-the-inner-life-of-glenn-gould,0.0973585
enemy-of-the-state,0.0973585
dreams-of-a-life,0.0973585
